time_bin,0
0,0.0
1,0.02373819936949742
2,0.005733184650640741
3,0.00221205939753588
4,0.02988240840172074
5,0.04021800664285561
6,0.013451574161215243
7,0.005501024215234027
8,0.0239358493512268
9,0.007124566502763643
10,0.00983698858005661
11,0.014152121766500879
12,0.007504561890271613
13,0.0034899754351346087
14,0.06727601895757541
15,0.043476570528081786
16,0.004003283757615145
17,0.0028252564594951138
18,0.015421494414887158
19,0.012268508555403648
